<?xml version="1.0" encoding="UTF-8" standalone="yes"?>
<catalog>
  <widget>
    <name>bb-example-widget-ang</name>
    <properties>
      <property name="classId">
        <value>ExampleWidgetComponent</value>
      </property>
      <property name="src">
        <value>$(itemRoot)/index.html</value>
      </property>
      <property name="render.requires">
        <value>render-bb-widget-3</value>
      </property>
      <property name="title" label="Title" readonly="true" viewHint="admin,designModeOnly">
        <value type="string">ExampleWidget Widget</value>
      </property>
      <property name="thumbnailUrl">
        <value>$(itemRoot)/icon.png</value>
      </property>
      <property name="label">
        <value>Angular ExampleWidget Widget</value>
      </property>
    </properties>
  </widget>
</catalog>